{
    "w_center": 1.9571057857245684,
    "w_size": 1.577644423299844,
    "w_yaw": 0.3402617918364336,
    "w_diou": 1.0098460272016743,
    "lr": 0.0006112367278516312,
    "batch_size": 32
}