{
    "w_center": 2.3424092146504027,
    "w_size": 1.0999854145440349,
    "w_yaw": 0.3682940712598419,
    "lr": 0.0009332655364934042,
    "batch_size": 64
}