{
    "w_center": 1.635670128926729,
    "w_size": 0.6275520468530453,
    "w_yaw": 0.6481261617748376,
    "lr": 0.0008966559936165971,
    "batch_size": 16
}